M,N,K,case_name,kernel,tiling_key,singleCoreM,singleCoreN,singleCoreK,baseM,baseN,baseK,stepM,stepN,stepKa,stepKb,iterateOrder,dbL0A,dbL0B,dbL0C,mTileBlock,nTileBlock,nd2nzA,nd2nzB
1,512,7168,kv_down_proj_1_7168_512,BASE_FULLLOAD + MIXND2NZ_FALSE,65536,16,128,7168,16,128,128,1,1,32,4,0,2,2,1,1,4,0,0
1,64,7168,decoupled_key_rope_1_7168_64,BASE_FULLLOAD + MIXND2NZ_FALSE,65536,16,64,7168,16,64,64,1,1,64,16,0,2,2,1,1,1,0,0
1,256,7168,moe_router_gating_1_7168_256,BASE_FULLLOAD + MIXND2NZ_FALSE,65536,16,128,7168,16,128,128,1,1,32,4,0,2,2,1,1,2,0,0
1,128,7168,indexer_key_proj_1_7168_128,BASE_FULLLOAD + MIXND2NZ_FALSE,65536,16,128,7168,16,128,128,1,1,32,4,0,2,2,1,1,1,0,0
1,384,7168,moe_router_gating_1_7168_384,BASE_FULLLOAD + MIXND2NZ_FALSE,65536,16,128,7168,16,128,128,1,1,32,4,0,2,2,1,1,3,0,0
64,512,7168,kv_down_proj_64_7168_512,BASE_FULLLOAD + MIXND2NZ_FALSE,65536,16,128,7168,16,128,128,1,1,32,4,0,2,2,1,4,4,0,0
64,64,7168,decoupled_key_rope_64_7168_64,BASE_FULLLOAD + MIXND2NZ_FALSE,65536,16,64,7168,16,64,64,1,1,64,16,0,2,2,1,4,1,0,0
64,256,7168,moe_router_gating_64_7168_256,BASE_FULLLOAD + MIXND2NZ_FALSE,65536,16,128,7168,16,128,128,1,1,32,4,0,2,2,1,4,2,0,0
64,128,7168,indexer_key_proj_64_7168_128,BASE_FULLLOAD + MIXND2NZ_FALSE,65536,16,128,7168,16,128,128,1,1,32,4,0,2,2,1,4,1,0,0
64,384,7168,moe_router_gating_64_7168_384,BASE_FULLLOAD + MIXND2NZ_FALSE,65536,16,128,7168,16,128,128,1,1,32,4,0,2,2,1,4,3,0,0
128,512,7168,kv_down_proj_128_7168_512,BASE_FULLLOAD + MIXND2NZ_FALSE,65536,32,128,7168,32,128,128,1,1,16,4,0,2,2,1,4,4,0,0
128,64,7168,decoupled_key_rope_128_7168_64,BASE_FULLLOAD + MIXND2NZ_FALSE,65536,16,64,7168,16,64,64,1,1,64,16,0,2,2,1,8,1,0,0
128,256,7168,moe_router_gating_128_7168_256,BASE_FULLLOAD + MIXND2NZ_FALSE,65536,16,128,7168,16,128,128,1,1,32,4,0,2,2,1,8,2,0,0
128,128,7168,indexer_key_proj_128_7168_128,BASE_FULLLOAD + MIXND2NZ_FALSE,65536,16,128,7168,16,128,128,1,1,32,4,0,2,2,1,8,1,0,0
128,384,7168,moe_router_gating_128_7168_384,BASE_FULLLOAD + MIXND2NZ_FALSE,65536,32,128,7168,32,128,128,1,1,16,4,0,2,2,1,4,3,0,0
256,512,7168,kv_down_proj_256_7168_512,BASE_FULLLOAD + MIXND2NZ_FALSE,65536,64,128,7168,64,128,128,1,1,8,4,0,2,2,1,4,4,0,0
256,64,7168,decoupled_key_rope_256_7168_64,BASE_FULLLOAD + MIXND2NZ_FALSE,65536,16,64,7168,16,64,64,1,1,64,16,0,2,2,1,16,1,0,0
256,256,7168,moe_router_gating_256_7168_256,BASE_FULLLOAD + MIXND2NZ_FALSE,65536,32,128,7168,32,128,128,1,1,16,4,0,2,2,1,8,2,0,0
256,128,7168,indexer_key_proj_256_7168_128,BASE_FULLLOAD + MIXND2NZ_FALSE,65536,16,128,7168,16,128,128,1,1,32,4,0,2,2,1,16,1,0,0
256,384,7168,moe_router_gating_256_7168_384,BASE_FULLLOAD + MIXND2NZ_FALSE,65536,48,128,7168,48,128,128,1,1,8,4,0,2,2,1,6,3,0,0
384,512,7168,kv_down_proj_384_7168_512,BASE_FULLLOAD + MIXND2NZ_FALSE,65536,80,128,7168,80,128,128,1,1,4,4,0,2,2,1,5,4,0,0
384,64,7168,decoupled_key_rope_384_7168_64,BASE_FULLLOAD + MIXND2NZ_FALSE,65536,32,64,7168,32,64,64,1,1,32,16,0,2,2,1,12,1,0,0
384,256,7168,moe_router_gating_384_7168_256,BASE_FULLLOAD + MIXND2NZ_FALSE,65536,48,128,7168,48,128,128,1,1,8,4,0,2,2,1,8,2,0,0
384,128,7168,indexer_key_proj_384_7168_128,BASE_FULLLOAD + MIXND2NZ_FALSE,65536,32,128,7168,32,128,128,1,1,16,4,0,2,2,1,12,1,0,0
384,384,7168,moe_router_gating_384_7168_384,BASE_FULLLOAD + MIXND2NZ_FALSE,65536,64,128,7168,64,128,128,1,1,8,4,0,2,2,1,6,3,0,0
512,512,7168,kv_down_proj_512_7168_512,BASE_FULLLOAD + MIXND2NZ_FALSE,65536,112,128,7168,112,128,128,1,1,4,4,0,2,2,1,5,4,0,0
512,64,7168,decoupled_key_rope_512_7168_64,BASE_FULLLOAD + MIXND2NZ_FALSE,65536,32,64,7168,32,64,64,1,1,32,16,0,2,2,1,16,1,0,0
512,256,7168,moe_router_gating_512_7168_256,BASE_FULLLOAD + MIXND2NZ_FALSE,65536,64,128,7168,64,128,128,1,1,8,4,0,2,2,1,8,2,0,0
512,128,7168,indexer_key_proj_512_7168_128,BASE_FULLLOAD + MIXND2NZ_FALSE,65536,32,128,7168,32,128,128,1,1,16,4,0,2,2,1,16,1,0,0
512,384,7168,moe_router_gating_512_7168_384,BASE_FULLLOAD + MIXND2NZ_FALSE,65536,96,128,7168,96,128,128,1,1,4,4,0,2,2,1,6,3,0,0
