Category,Operation,Weight Matrix,K,N,"GEMM Shape ({M, K}, {K, N}, {M, N})"
Multi-Head Latent Attention (MLA),Query Down-Proj,W^DQ,7168,1536,"{M, 7168}, {7168, 1536}, {M, 1536}"
Multi-Head Latent Attention (MLA),Query Up-Proj NoPE,W^UQ,1536,16384,"{M, 1536}, {1536, 16384}, {M, 16384}"
Multi-Head Latent Attention (MLA),Query Up-Proj RoPE,W^QR,1536,8192,"{M, 1536}, {1536, 8192}, {M, 8192}"
Multi-Head Latent Attention (MLA),Query Up-Proj Fused,W^UQ_fused,1536,24576,"{M, 1536}, {1536, 24576}, {M, 24576}"
Multi-Head Latent Attention (MLA),KV Down-Proj,W^DKV,7168,512,"{M, 7168}, {7168, 512}, {M, 512}"
Multi-Head Latent Attention (MLA),Key Up-Proj NoPE,W^UK,512,16384,"{M, 512}, {512, 16384}, {M, 16384}"
Multi-Head Latent Attention (MLA),KV Up-Proj Fused,W^UKV_fused,512,32768,"{M, 512}, {512, 32768}, {M, 32768}"
Multi-Head Latent Attention (MLA),Decoupled Key RoPE,W^KR,7168,64,"{M, 7168}, {7168, 64}, {M, 64}"
Multi-Head Latent Attention (MLA),Output Projection,W^O,16384,7168,"{M, 16384}, {16384, 7168}, {M, 7168}"
Multi-Head Latent Attention (MLA),Absorbed Output Proj (Decode),W^O_absorbed,65536,7168,"{M, 65536}, {65536, 7168}, {M, 7168}"
Feed-Forward Networks (Dense & MoE),Dense Gate Proj,W^gate,7168,18432,"{M, 7168}, {7168, 18432}, {M, 18432}"
Feed-Forward Networks (Dense & MoE),Dense Gate & Up Fused,W^gate_up,7168,36864,"{M, 7168}, {7168, 36864}, {M, 36864}"
Feed-Forward Networks (Dense & MoE),Dense Down Proj,W^down,18432,7168,"{M, 18432}, {18432, 7168}, {M, 7168}"
Feed-Forward Networks (Dense & MoE),MoE Router Gating,W^gate_router,7168,256,"{M, 7168}, {7168, 256}, {M, 256}"
Feed-Forward Networks (Dense & MoE),Shared Expert Gate & Up Fused,W_shared^gate_up,7168,4096,"{M, 7168}, {7168, 4096}, {M, 4096}"
Feed-Forward Networks (Dense & MoE),Shared Expert Down Proj,W_shared^down,2048,7168,"{M, 2048}, {2048, 7168}, {M, 7168}"
Output / LM Head,LM Head,W^lm_head,7168,129280,"{M, 7168}, {7168, 129280}, {M, 129280}"
Multi-Head Latent Attention (MLA),KV Down-Proj Fused (with RoPE),W^DKV_fused,7168,576,"{M, 7168}, {7168, 576}, {M, 576}"
Multi-Head Latent Attention (MLA),Absorbed Query Up-Proj (Decode),W^UQ_absorbed,1536,65536,"{M, 1536}, {1536, 65536}, {M, 65536}"
Multi-Token Prediction (MTP),MTP Input Projection,W^eh,14336,7168,"{M, 14336}, {14336, 7168}, {M, 7168}"
Sparse Attention Indexer (V4),Indexer Query Proj,W^idx_q,7168,8192,"{M, 7168}, {7168, 8192}, {M, 8192}"
Sparse Attention Indexer (V4),Indexer Key Proj,W^idx_k,7168,128,"{M, 7168}, {7168, 128}, {M, 128}"
"Feed-Forward Networks (MoE, V4)",MoE Router Gating,W^gate_router,7168,384,"{M, 7168}, {7168, 384}, {M, 384}"
"Feed-Forward Networks (MoE, V4)",Expert Gate & Up Fused,W^gate_up,7168,6144,"{M_e, 7168}, {7168, 6144}, {M_e, 6144}"
"Feed-Forward Networks (MoE, V4)",Expert Down Proj,W^down,3072,7168,"{M_e, 3072}, {3072, 7168}, {M_e, 7168}"
